RowID,IndProduction,ResInflow,MaxGrowthRate,MaxMetMaint,MaxActiveDispersal,LogseriesA,StartingSeed,width,height,TotalAbundance,ImmigrationRate,ResourceConcentration,ResourceParticles,Speciation,AvgPerCapitaGrowth,AvgPerCapitaMaint,AvgPerCapitaActiveDispersal,SpecGrowth,SpecDisp,SpecMaint,AvgDist,DormFreq,TrophicComplexityLevel,ResourceComplexityLevel,SpatialComplexityLevel,AvgEncounter,Aggregation
1, -0.90909090909090906, 5, 0.5, 0.008, 0.01, 0.99, 100, 19.8, 20, 980, 0.1, 0.046818181818181821, 18.727272727272727, 0.01, 0.4114451882470842, 0.0010555661796734271, 0.0083378865872702004, 0.31472882606510122, 0.0054484529507856242, 0.0035877359006105812, 5.6202125825172011, 0.31115004563527154, 1, 1, 3, 23.272727272727273, 0.07058763443798136
2, -0.45454545454545453, 5, 0.5, 0.008, 0.01, 0.99, 100, 19.8, 20, 22, 0.1, 0.21249999999999999, 85.0, 0.01, 0.1063143153330892, 0.0014566047906107498, 0.0055677387557808789, 0.26401128012410219, 0.005139459456490982, 0.0045899481707674305, 2.9799568608942177, 0.73796263025512043, 2, 3, 3, 0.0, 0.1387942592077133
3, -0.18181818181818182, 5, 0.5, 0.008, 0.01, 0.99, 100, 19.8, 20, 991, 0.1, 0.03386363636363636, 13.545454545454545, 0.01, 0.38188859518697388, 0.0012751065171110855, 0.0077561178625686518, 0.31509107785597851, 0.0049369428934049253, 0.0045716723701806619, 4.3578298687277437, 0.30355624953152854, 1, 1, 3, 33.454545454545453, 0.2757771345510254
4, -0.54545454545454541, 5, 0.5, 0.008, 0.01, 0.99, 100, 19.8, 20, 17, 0.1, 0.60454545454545461, 241.81818181818181, 0.01, 0.35693777138393096, 0.00058192493399688476, 0.0055246207895112759, 0.3181503698586598, 0.0057837066854067943, 0.003918493411261317, 2.5886952853510574, 0.85980034757124535, 2, 2, 1, 0.36363636363636365, 0.12660902174801666
5, -1.2727272727272727, 5, 0.5, 0.008, 0.01, 0.99, 100, 19.8, 20, 51, 0.1, 1.0431818181818182, 417.27272727272725, 0.01, 0.29105410883535399, 0.0011231535485918187, 0.0056354851074134097, 0.27546133613680163, 0.0056574128983676664, 0.0042165930019744521, 3.0665878189242943, 0.53027129130865691, 2, 1, 1, 1.3636363636363635, 0.2793460295971934
6, -0.090909090909090912, 5, 0.5, 0.008, 0.01, 0.99, 100, 19.8, 20, 1000, 0.1, 1.4695454545454545, 587.81818181818187, 0.01, 0.42767360027768769, 0.0050890816703957004, 0.0086085444226411782, 0.29446779139627655, 0.0057798358906909373, 0.0043149010903383083, 1.9059167685343945, 0.098772899881116316, 2, 1, 3, 449.36363636363637, 0.08560243642783523
7, 4.6363636363636367, 5, 0.5, 0.008, 0.01, 0.99, 100, 19.8, 20, 244, 0.1, 0.12659090909090909, 50.636363636363633, 0.01, 0.33903783951961047, 0.0011631457424177297, 0.0057121846772638504, 0.27632876993125582, 0.005956858288128467, 0.0043496775533623036, 2.971353303434654, 0.24221863708378299, 1, 2, 1, 18.181818181818183, 0.09801208853092656
8, -0.63636363636363635, 5, 0.5, 0.008, 0.01, 0.99, 100, 19.8, 20, 20, 0.1, 0.79659090909090902, 318.63636363636363, 0.01, 0.41928686351728151, 0.0019917015502528067, 0.0048634674562446625, 0.31440595880608158, 0.0060707250748884079, 0.0043849343328121859, 5.5900744581495365, 0.50242752206126695, 2, 2, 2, 0.18181818181818182, 0.056134289782183946
9, -2.3636363636363638, 5, 0.5, 0.008, 0.01, 0.99, 100, 19.8, 20, 561, 0.1, 0.20840909090909088, 83.36363636363636, 0.01, 0.28160379250875706, 0.00062630272742264504, 0.0042707905070561158, 0.2571572742628318, 0.0064969327760016939, 0.0047553502498035582, 2.5323884713548108, 0.38030617605760247, 1, 1, 1, 35.727272727272727, 0.2251771477604581
10, 6.8181818181818183, 5, 0.5, 0.008, 0.01, 0.99, 100, 19.8, 20, 261, 0.1, 0.125, 50.0, 0.01, 0.37712665433836712, 0.0013757127445595651, 0.005230106686549451, 0.25526555689256603, 0.0058914847321030065, 0.0042966846946805495, 2.6236128162693628, 0.29177933802294986, 1, 2, 1, 14.545454545454545, 0.11776099995666083
11, -0.090909090909090912, 5, 0.5, 0.008, 0.01, 0.99, 100, 19.8, 20, 24, 0.1, 0.23659090909090913, 94.63636363636364, 0.01, 0.28647551297175322, 0.0014980980591253045, 0.0032393252151806124, 0.28531308014687984, 0.0055364496289924958, 0.004132962488327555, 2.7835319511966881, 0.56746695333651853, 2, 3, 1, 0.18181818181818182, 0.34102296110671376
12, -0.18181818181818182, 5, 0.5, 0.008, 0.01, 0.99, 100, 19.8, 20, 18, 0.1, 0.19045454545454543, 76.181818181818187, 0.01, 0.17421048001395356, 0.00096359759477290037, 0.0028857265386601997, 0.25264529325287605, 0.0051689300105524152, 0.0047071441292434509, 6.4606540476097534, 0.86585514588610579, 1, 3, 2, 0.0, 0.26071996514529605
13, -0.27272727272727271, 5, 0.5, 0.008, 0.01, 0.99, 100, 19.8, 20, 31, 0.1, 0.54159090909090923, 216.63636363636363, 0.01, 0.22646386447397646, 0.0014667283887290809, 0.0061550143390100929, 0.27165364252866159, 0.006362299513326777, 0.0041317642231701807, 2.6117450088737733, 0.5119806286950932, 2, 2, 1, 0.27272727272727271, 0.29367761163694617
14, -0.45454545454545453, 5, 0.5, 0.008, 0.01, 0.99, 100, 19.8, 20, 61, 0.1, 0.72590909090909084, 290.36363636363637, 0.01, 0.20156206528954856, 0.0012166546257704781, 0.0023727377447938379, 0.28303420793792344, 0.0055851456901448108, 0.004570266827597153, 4.4681678096508941, 0.246802873425748, 2, 2, 3, 0.72727272727272729, 0.316280943862193
15, 0.27272727272727271, 5, 0.5, 0.008, 0.01, 0.99, 100, 19.8, 20, 44, 0.1, 0.14295454545454545, 57.18181818181818, 0.01, 0.16977102376418277, 0.0012022270890911112, 0.0054405267601556461, 0.27592024251488251, 0.0051115733067236069, 0.003834104302272265, 3.6632479328227472, 0.39020673805451589, 1, 2, 3, 5.1818181818181817, 0.25646576513689834
16, -1.2727272727272727, 5, 0.5, 0.008, 0.01, 0.99, 100, 19.8, 20, 19, 0.1, 0.64795454545454545, 259.18181818181819, 0.01, 0.17839593470844545, 0.0012523409781134759, 0.0037096860534676368, 0.26946118569483662, 0.0052645161636408044, 0.0038175064520143661, 3.368174262598596, 0.33499346922791901, 2, 2, 2, 0.90909090909090906, 0.020637817817514795
17, -5.3636363636363633, 5, 0.5, 0.008, 0.01, 0.99, 100, 19.8, 20, 866, 0.1, 0.22931818181818181, 91.727272727272734, 0.01, 0.46134361860917678, 0.0011238896012257652, 0.0041509472983126657, 0.28618771441659524, 0.0050402270017762393, 0.0044718210860843549, 2.9543102362361666, 0.47808908992344307, 1, 1, 1, 26.545454545454547, 0.27767816487917685
18, -0.090909090909090912, 5, 0.5, 0.008, 0.01, 0.99, 100, 19.8, 20, 15, 0.1, 0.24727272727272726, 98.909090909090907, 0.01, 0.37252934734958193, 0.0010304186275072917, 0.0048581370488478184, 0.28465359274920127, 0.0056731635328185759, 0.0046691027797275218, 4.6540626694502443, 0.58522727272727282, 2, 3, 2, 0.090909090909090912, 0.05874026038753636
19, 2.1818181818181817, 5, 0.5, 0.008, 0.01, 0.99, 100, 19.8, 20, 536, 0.1, 0.080681818181818174, 32.272727272727273, 0.01, 0.30774719436267434, 0.0011110870807084939, 0.0062034265461558321, 0.29492839988344594, 0.0055215662248271112, 0.0044599845238895907, 2.7501100288584848, 0.47752492004019148, 1, 2, 3, 4.0909090909090908, 0.23451359090047005
20, -0.54545454545454541, 5, 0.5, 0.008, 0.01, 0.99, 100, 19.8, 20, 15, 0.1, 0.49863636363636366, 199.45454545454547, 0.01, 0.19639895377583177, 0.0013032737445570709, 0.0052659986869208978, 0.25664488278239433, 0.0053286470718007716, 0.0045462735511657727, 2.8636455171825608, 0.40315695656252931, 2, 2, 1, 0.36363636363636365, 0.2855800962293809
21, -0.36363636363636365, 5, 0.5, 0.008, 0.01, 0.99, 100, 19.8, 20, 999, 0.1, 1.4863636363636366, 594.5454545454545, 0.01, 0.40390361576438832, 0.0035599814499158011, 0.0079131193722966446, 0.2785164112537854, 0.0052594612663269128, 0.0039635917323425866, 1.204409247891967, 0.036854516586051871, 2, 1, 3, 547.5454545454545, 0.26017891613924193
22, 0.18181818181818182, 5, 0.5, 0.008, 0.01, 0.99, 100, 19.8, 20, 16, 0.1, 0.61181818181818171, 244.72727272727272, 0.01, 0.31959208317930793, 0.0020139846918535245, 0.0066540344742380348, 0.28099544248865277, 0.0055793636134429002, 0.0048470400464131471, 2.3690335947973753, 0.51287462537462536, 2, 2, 1, 0.54545454545454541, 0.3744258961926319
23, 4.4545454545454541, 5, 0.5, 0.008, 0.01, 0.99, 100, 19.8, 20, 646, 0.1, 0.19613636363636361, 78.454545454545453, 0.01, 0.37346351709962416, 0.0017729429262363817, 0.0048914151958268587, 0.2686856495804355, 0.0056585396091478283, 0.0040617722153744595, 2.810220536882893, 0.18177368750683678, 1, 1, 1, 34.454545454545453, 0.09736017392419945
24, 9.2727272727272734, 5, 0.5, 0.008, 0.01, 0.99, 100, 19.8, 20, 500, 0.1, 0.086590909090909093, 34.636363636363633, 0.01, 0.44331863972495883, 0.002239762761520468, 0.0084118157366092731, 0.27662277285836018, 0.0057769549791711538, 0.0044343516765880048, 7.2135324264873484, 0.12261697290828666, 1, 2, 3, 13.454545454545455, 0.16946143055936333
25, 0.54545454545454541, 5, 0.5, 0.008, 0.01, 0.99, 100, 19.8, 20, 126, 0.1, 0.12977272727272729, 51.909090909090907, 0.01, 0.24733413515745264, 0.00095042120202292499, 0.0051860417710348225, 0.25800592606413669, 0.0060180744347199536, 0.0043603133480764394, 1.5925913258362625, 0.49322566905975301, 1, 2, 2, 3.0909090909090908, 0.19839522721515182
26, -0.45454545454545453, 5, 0.5, 0.008, 0.01, 0.99, 100, 19.8, 20, 18, 0.1, 0.27386363636363636, 109.54545454545455, 0.01, 0.35568372899841944, 0.00081839766208382516, 0.0037797339376107954, 0.26383582896699348, 0.0053836317278246398, 0.004389195181399041, 2.711857065312965, 0.54787499500938242, 1, 3, 1, 0.90909090909090906, 0.17140199024517994
27, -0.54545454545454541, 5, 0.5, 0.008, 0.01, 0.99, 100, 19.8, 20, 39, 0.1, 0.27545454545454545, 110.18181818181819, 0.01, 0.39803186145355324, 0.00096681430608639742, 0.0043921160826731051, 0.28799402409381569, 0.0051205142576256765, 0.0043878957427918022, 2.6364428931070649, 0.71644354545401312, 2, 3, 1, 1.0, 0.18422332902743435
28, -0.90909090909090906, 5, 0.5, 0.008, 0.01, 0.99, 100, 19.8, 20, 19, 0.1, 0.14545454545454548, 58.18181818181818, 0.01, 0.24213444537500911, 0.00095563627617004652, 0.0058796245241539181, 0.29673320465784242, 0.0056887537397802721, 0.0051966596042407271, 3.8233837004183444, 0.87788792166158514, 2, 3, 3, 0.27272727272727271, 0.3727887627167373
29, -7.7272727272727275, 5, 0.5, 0.008, 0.01, 0.99, 100, 19.8, 20, 521, 0.1, 0.11522727272727273, 46.090909090909093, 0.01, 0.39041167675344024, 0.0009695260049051792, 0.0072986621626770437, 0.24595351785310682, 0.005482197513531034, 0.0044427343291954446, 3.4143809851064346, 0.37245215992876873, 1, 2, 2, 3.8181818181818183, 0.22455734009747091
30, -0.63636363636363635, 5, 0.5, 0.008, 0.01, 0.99, 100, 19.8, 20, 71, 0.1, 0.62090909090909085, 248.36363636363637, 0.01, 0.36254798122826931, 0.00099527887108015315, 0.0083796581305520881, 0.24368410152445169, 0.0060671969172076175, 0.0044058382765011063, 2.2827370536808362, 0.7127964455697513, 2, 2, 2, 1.4545454545454546, 0.03647452918573532
31, -1.0909090909090908, 5, 0.5, 0.008, 0.01, 0.99, 100, 19.8, 20, 978, 0.1, 1.8502272727272726, 740.09090909090912, 0.01, 0.47583540644877936, 0.0046814387698320354, 0.0083140038942082772, 0.28777302560759321, 0.0058009663126409681, 0.004412570407378958, 1.2453004447400498, 0.065506592933519889, 2, 1, 2, 156.90909090909091, 0.07950895253327174
32, -0.36363636363636365, 5, 0.5, 0.008, 0.01, 0.99, 100, 19.8, 20, 351, 0.1, 0.11863636363636365, 47.454545454545453, 0.01, 0.24137363481208238, 0.0011165430878579444, 0.0020755083664307137, 0.23189904739060135, 0.005606969833686833, 0.0041064244770881294, 2.0010873796868114, 0.27891788968572206, 1, 2, 2, 6.1818181818181817, 0.331438536642079
33, -0.090909090909090912, 5, 0.5, 0.008, 0.01, 0.99, 100, 19.8, 20, 16, 0.1, 0.20886363636363636, 83.545454545454547, 0.01, 0.28342260837542821, 0.00096235087417922624, 0.0050630514146488507, 0.28517715002356681, 0.00551389221711989, 0.0042116050036995331, 5.0952821593753272, 0.76069518716577533, 1, 3, 2, 0.0, 0.3186214695076391
34, -0.27272727272727271, 5, 0.5, 0.008, 0.01, 0.99, 100, 19.8, 20, 7, 0.1, 0.24613636363636363, 98.454545454545453, 0.01, 0.20368128916033046, 0.003366080371357895, 0.0072369739020756909, 0.30765100729246558, 0.0053020221443814564, 0.0050518434881307158, 2.9096087898663723, 0.47932900432900438, 2, 3, 1, 0.27272727272727271, 0.29094352631775194
35, 1.5454545454545454, 5, 0.5, 0.008, 0.01, 0.99, 100, 19.8, 20, 149, 0.1, 1.0777272727272729, 431.09090909090907, 0.01, 0.38472723732720993, 0.0018022844550577963, 0.0023504451662093835, 0.31549628777619709, 0.0055168785842574525, 0.0048135593591261206, 8.2776792820302276, 0.26524793389315465, 2, 2, 3, 3.7272727272727271, 0.08742920455005973
36, -1.1818181818181819, 5, 0.5, 0.008, 0.01, 0.99, 100, 19.8, 20, 24, 0.1, 0.83590909090909093, 334.36363636363637, 0.01, 0.23640547123993755, 0.00066852561417300727, 0.0062884212394638088, 0.26380363140836155, 0.006144922319944345, 0.0041125117466133589, 6.5878590778574964, 0.82308945250121723, 2, 1, 2, 0.090909090909090912, 0.18832500321583145
37, 1.5454545454545454, 5, 0.5, 0.008, 0.01, 0.99, 100, 19.8, 20, 345, 0.1, 0.10750000000000001, 43.0, 0.01, 0.29822411201584215, 0.001460611020549168, 0.0043121785669245584, 0.30137845664513124, 0.0061295872068440173, 0.0046259192055952691, 2.5663004590932821, 0.64040773619240376, 1, 2, 2, 5.4545454545454541, 0.04280354530963184
38, -2.0, 5, 0.5, 0.008, 0.01, 0.99, 100, 19.8, 20, 57, 0.1, 1.1206818181818179, 448.27272727272725, 0.01, 0.21260187539036871, 0.00081216500626900615, 0.0037071093242363158, 0.26147720456592544, 0.0050627926937761667, 0.0040242833302518441, 3.1666160433543094, 0.70607473214212957, 2, 1, 1, 1.3636363636363635, 0.04776242647713958
39, -0.54545454545454541, 5, 0.5, 0.008, 0.01, 0.99, 100, 19.8, 20, 23, 0.1, 0.54249999999999998, 217.0, 0.01, 0.26705107064479477, 0.00089034845798569148, 0.0046418693591208293, 0.23647313081866728, 0.0056607907750340376, 0.0044152407359090351, 4.8066777227935935, 0.90106914019957496, 2, 2, 3, 0.45454545454545453, 0.17544805378547745
40, 2.2727272727272729, 5, 0.5, 0.008, 0.01, 0.99, 100, 19.8, 20, 164, 0.1, 0.19227272727272729, 76.909090909090907, 0.01, 0.16655635319405604, 0.0011536725317489193, 0.0057909417046584774, 0.26090440300893747, 0.0054025420365284025, 0.0045126802337562884, 2.2427723374952007, 0.4411636639062706, 1, 2, 3, 7.6363636363636367, 0.023268286109590176
41, -3.0909090909090908, 5, 0.5, 0.008, 0.01, 0.99, 100, 19.8, 20, 146, 0.1, 0.14431818181818182, 57.727272727272727, 0.01, 0.27170281123025153, 0.001130726558799852, 0.0045510474027489487, 0.27752975662256235, 0.0055163409833327501, 0.004859596951589119, 4.9311428609307848, 0.6342426007236992, 1, 2, 2, 2.1818181818181817, 0.18686066342040134
42, -1.1818181818181819, 5, 0.5, 0.008, 0.01, 0.99, 100, 19.8, 20, 59, 0.1, 0.82113636363636366, 328.45454545454544, 0.01, 0.34110987073671678, 0.0012273071365404989, 0.0047385396078717988, 0.27222061896440997, 0.0051476059271903015, 0.0040719338541582301, 3.0681476850986154, 0.69492797522542293, 2, 1, 1, 2.0, 0.08657287267440818
43, -0.45454545454545453, 5, 0.5, 0.008, 0.01, 0.99, 100, 19.8, 20, 988, 0.1, 0.056136363636363644, 22.454545454545453, 0.01, 0.39304170418172668, 0.001442586797151745, 0.0050467565738999401, 0.25557448609072009, 0.0056842577624738322, 0.0042163010625391809, 7.1062345137575846, 0.22632502801476162, 1, 1, 3, 22.818181818181817, 0.31823494652202616
44, -0.18181818181818182, 5, 0.5, 0.008, 0.01, 0.99, 100, 19.8, 20, 981, 0.1, 1.5738636363636365, 629.5454545454545, 0.01, 0.3809577826916174, 0.0052156975987585064, 0.0048359468723454709, 0.2826770011331598, 0.0051616890490533696, 0.004299271821424683, 0.5811735997417774, 0.015246013482463155, 2, 1, 2, 248.36363636363637, 0.26603677029590067
45, -0.18181818181818182, 5, 0.5, 0.008, 0.01, 0.99, 100, 19.8, 20, 26, 0.1, 0.82818181818181813, 331.27272727272725, 0.01, 0.19931805628979407, 0.0020559912699889614, 0.0040753451895772456, 0.2447531552718088, 0.0050996901294750865, 0.0043083365235642044, 2.8662955275977384, 0.64867132867132871, 2, 2, 1, 0.72727272727272729, 0.37773798750580745
46, -0.54545454545454541, 5, 0.5, 0.008, 0.01, 0.99, 100, 19.8, 20, 13, 0.1, 0.5763636363636363, 230.54545454545453, 0.01, 0.22909306704758209, 0.00055555249401062869, 0.0059792721611729716, 0.22830615777085128, 0.0062385707965956936, 0.0041373119919451808, 4.2430061674088275, 0.75965235744647508, 2, 2, 3, 0.0, 0.27212599461266607
47, 0.0, 5, 0.5, 0.008, 0.01, 0.99, 100, 19.8, 20, 5, 0.1, 0.25386363636363635, 101.54545454545455, 0.01, 0.16822254593561287, 0.0029938128645524893, 0.0046960375271348064, 0.25084824369568326, 0.0056095552016008831, 0.0043379353736982557, 3.08712967978901, 0.58181818181818179, 1, 3, 1, 0.18181818181818182, 0.0613257295630317
48, 7.5454545454545459, 5, 0.5, 0.008, 0.01, 0.99, 100, 19.8, 20, 588, 0.1, 0.11840909090909091, 47.363636363636367, 0.01, 0.35934286574127811, 0.00092932860786757441, 0.0058537802228279395, 0.28084789654432102, 0.0057603914252467442, 0.0043553619611905381, 2.8699918336438688, 0.43608456090686859, 1, 1, 1, 32.272727272727273, 0.15233389999450345
49, 0.0, 5, 0.5, 0.008, 0.01, 0.99, 100, 19.8, 20, 30, 0.1, 0.25590909090909092, 102.36363636363636, 0.01, 0.38276209397528638, 0.0020919381806798077, 0.0056423076838882534, 0.30215581215977394, 0.0059891633336761766, 0.0043119391538172513, 3.6500883376854092, 0.49923235665171151, 1, 3, 2, 0.63636363636363635, 0.1485529151096811
50, -2.0909090909090908, 5, 0.5, 0.008, 0.01, 0.99, 100, 19.8, 20, 134, 0.1, 1.0968181818181817, 438.72727272727275, 0.01, 0.333858423280815, 0.0011320287472695245, 0.0024504145487602822, 0.27475636505432105, 0.0052113382114855325, 0.0040196152148388601, 5.2548377017604544, 0.48941799787734225, 2, 2, 3, 0.63636363636363635, 0.3651420315553437
51, -0.45454545454545453, 5, 0.5, 0.008, 0.01, 0.99, 100, 19.8, 20, 53, 0.1, 0.74568181818181811, 298.27272727272725, 0.01, 0.4054685017318358, 0.0014377187961785237, 0.0037331936723373343, 0.26148280644766247, 0.0057433380535349609, 0.0042085338910088452, 2.7353085026689241, 0.49421104237974389, 2, 2, 2, 2.0909090909090908, 0.07281251705019552
52, -0.36363636363636365, 5, 0.5, 0.008, 0.01, 0.99, 100, 19.8, 20, 23, 0.1, 0.16954545454545453, 67.818181818181813, 0.01, 0.24282873569666535, 0.00099839880346126123, 0.0043290436967242272, 0.25533262220310993, 0.0059534824320693772, 0.0040536578937871454, 2.1509061219387462, 0.84068850560945407, 2, 3, 3, 0.0, 0.18214218619344713
53, -0.36363636363636365, 5, 0.5, 0.008, 0.01, 0.99, 100, 19.8, 20, 18, 0.1, 0.23250000000000001, 93.0, 0.01, 0.18144293016728655, 0.0019518214158964465, 0.0051268884910861574, 0.25032475594657833, 0.0050051638792526845, 0.0045350507790422349, 4.13528394463982, 0.63632298214341565, 1, 3, 2, 0.0, 0.015743675526560846
54, -0.45454545454545453, 5, 0.5, 0.008, 0.01, 0.99, 100, 19.8, 20, 20, 0.1, 0.18772727272727269, 75.090909090909093, 0.01, 0.25420095380109725, 0.0016211417697781401, 0.0040853274429094415, 0.26943079802444686, 0.0055815379328291812, 0.0047557625806372347, 2.8971616220704619, 0.4060554278257627, 2, 3, 1, 0.27272727272727271, 0.36092742494383256
55, -0.90909090909090906, 5, 0.5, 0.008, 0.01, 0.99, 100, 19.8, 20, 25, 0.1, 0.2052272727272727, 82.090909090909093, 0.01, 0.33391134227568547, 0.0011404222176647526, 0.004684558649026279, 0.27182732925320163, 0.0060517607047004618, 0.0044190048361522965, 5.0458155528963982, 0.73441596942611131, 2, 3, 2, 0.18181818181818182, 0.0933433591617196
56, -1.0909090909090908, 5, 0.5, 0.008, 0.01, 0.99, 100, 19.8, 20, 979, 0.1, 0.13477272727272729, 53.909090909090907, 0.01, 0.46903783833442991, 0.001041927696807256, 0.0073031747664963767, 0.28653116459304334, 0.0047914899298734459, 0.0041996749940872661, 2.5147587904627908, 0.067058700746177605, 1, 1, 1, 40.545454545454547, 0.23098459330746324
57, -1.0, 5, 0.5, 0.008, 0.01, 0.99, 100, 19.8, 20, 36, 0.1, 0.26931818181818179, 107.72727272727273, 0.01, 0.15682483552147963, 0.00061543285707614157, 0.0056666089938258732, 0.2769523483795665, 0.0049891308847109083, 0.0043245271450862216, 3.4467994399128994, 0.68908934566994207, 2, 3, 3, 0.72727272727272729, 0.05398358810930133
58, -0.72727272727272729, 5, 0.5, 0.008, 0.01, 0.99, 100, 19.8, 20, 37, 0.1, 0.75250000000000017, 301.0, 0.01, 0.1994994102072585, 0.00080039117462363881, 0.0044891675939062597, 0.25132211285676126, 0.0052784563106286911, 0.0038111468721186421, 9.3108319597393976, 0.82756515283159471, 2, 2, 2, 0.090909090909090912, 0.26276873163688724
59, -0.27272727272727271, 5, 0.5, 0.008, 0.01, 0.99, 100, 19.8, 20, 27, 0.1, 0.20954545454545451, 83.818181818181813, 0.01, 0.27598325092322623, 0.0011042874033959722, 0.0073762585385991845, 0.27076669309201623, 0.0057793605244743943, 0.0048305814265267666, 5.7357036404587074, 0.45371293313451261, 1, 3, 2, 0.090909090909090912, 0.10407237723528846
60, -0.27272727272727271, 5, 0.5, 0.008, 0.01, 0.99, 100, 19.8, 20, 57, 0.1, 0.15840909090909092, 63.363636363636367, 0.01, 0.27228118700287263, 0.0016902421824385764, 0.0032442353971404523, 0.26300968446665202, 0.0048964912526357901, 0.0041731314109173193, 3.0361777813067961, 0.31618276775189347, 1, 2, 1, 7.3636363636363633, 0.05688991640853891
61, -9.6363636363636367, 5, 0.5, 0.008, 0.01, 0.99, 100, 19.8, 20, 493, 0.1, 0.092727272727272728, 37.090909090909093, 0.01, 0.37545386026815852, 0.0022147646589768207, 0.0080510478751014795, 0.30355763209936237, 0.0052904405858703049, 0.0051793498473694599, 3.7197383810990301, 0.57745316247807321, 1, 2, 3, 9.1818181818181817, 0.342243880307073
62, -0.27272727272727271, 5, 0.5, 0.008, 0.01, 0.99, 100, 19.8, 20, 995, 0.1, 1.6720454545454544, 668.81818181818187, 0.01, 0.39801372461626677, 0.0044011205644365068, 0.0037950372782187785, 0.25404479692163573, 0.0046427681229849055, 0.0039370407462322923, 8.7526702490630761, 0.21174428653460844, 2, 1, 2, 198.90909090909091, 0.19548527265121746
63, -1.4545454545454546, 5, 0.5, 0.008, 0.01, 0.99, 100, 19.8, 20, 38, 0.1, 1.0631818181818182, 425.27272727272725, 0.01, 0.32733580605549301, 0.0022709698830307582, 0.0056825090005001308, 0.25979274802865909, 0.0044711782878920636, 0.0040104076084652709, 2.5540187457333543, 0.47293833028937304, 2, 1, 1, 1.2727272727272727, 0.31163603294959025
64, -3.1818181818181817, 5, 0.5, 0.008, 0.01, 0.99, 100, 19.8, 20, 957, 0.1, 0.065681818181818175, 26.272727272727273, 0.01, 0.44520605068878649, 0.002240840540616885, 0.003309951459989927, 0.29891491819090399, 0.0058318491497630154, 0.0047309693258386154, 4.2358103025176055, 0.55453023182887184, 1, 1, 2, 9.3636363636363633, 0.25366303875085966
65, 0.18181818181818182, 5, 0.5, 0.008, 0.01, 0.99, 100, 19.8, 20, 86, 0.1, 1.3479545454545454, 539.18181818181813, 0.01, 0.28370990577736471, 0.00091432840254125972, 0.0072092386450157975, 0.25618705832770466, 0.005908286266034379, 0.0037462204444513869, 2.7115208270981883, 0.43395796006276299, 2, 1, 1, 3.6363636363636362, 0.24597395416625395
66, 0.54545454545454541, 5, 0.5, 0.008, 0.01, 0.99, 100, 19.8, 20, 23, 0.1, 1.1415909090909091, 456.63636363636363, 0.01, 0.35592332963811957, 0.0019709724458472915, 0.0026705054914429745, 0.28723932248482098, 0.0052567654902825828, 0.003984996761634497, 5.6033674265965336, 0.23357270286748125, 2, 2, 2, 0.45454545454545453, 0.3228972203231287
67, -2.1818181818181817, 5, 0.5, 0.008, 0.01, 0.99, 100, 19.8, 20, 80, 0.1, 0.18931818181818177, 75.727272727272734, 0.01, 0.3152406683624619, 0.0031358151371680813, 0.0045649856658676697, 0.31641833267187952, 0.0059068010539211563, 0.0042739352906638484, 3.3870227390933176, 0.29805685692756928, 1, 2, 2, 3.9090909090909092, 0.07395065326129352
68, -0.54545454545454541, 5, 0.5, 0.008, 0.01, 0.99, 100, 19.8, 20, 15, 0.1, 0.19522727272727272, 78.090909090909093, 0.01, 0.30245598072644547, 0.0010694267553631549, 0.0055081904554281783, 0.30299013188269336, 0.0058656208041680622, 0.0042487828621436061, 5.8107392699380238, 0.65196893749525331, 2, 3, 2, 0.0, 0.1869364154707459
69, -0.45454545454545453, 5, 0.5, 0.008, 0.01, 0.99, 100, 19.8, 20, 32, 0.1, 0.30272727272727273, 121.09090909090909, 0.01, 0.24728608787478984, 0.00039191837244352876, 0.0046751487918546926, 0.28833386153405294, 0.0058007382601718664, 0.004532450518006912, 2.5829345824745755, 0.9479288856304986, 2, 3, 1, 0.090909090909090912, 0.28187469024303197
70, -0.18181818181818182, 5, 0.5, 0.008, 0.01, 0.99, 100, 19.8, 20, 28, 0.1, 0.26454545454545458, 105.81818181818181, 0.01, 0.13491369076482965, 0.001660904253061414, 0.0049088455801498928, 0.24665222721494506, 0.0053383665235987197, 0.0045545185553949432, 2.7311044169896586, 0.60237431789155915, 1, 3, 1, 0.63636363636363635, 0.3268852321252869
71, -3.4545454545454546, 5, 0.5, 0.008, 0.01, 0.99, 100, 19.8, 20, 952, 0.1, 0.20045454545454547, 80.181818181818187, 0.01, 0.41174074024418467, 0.00059976766630761495, 0.0062921116666562133, 0.26330354175407494, 0.0055432512119063127, 0.0045229062775736526, 2.7775610875691989, 0.36025070286296029, 1, 1, 1, 28.636363636363637, 0.16325311111775137
72, -0.72727272727272729, 5, 0.5, 0.008, 0.01, 0.99, 100, 19.8, 20, 52, 0.1, 0.14909090909090911, 59.636363636363633, 0.01, 0.23461898194159919, 0.00072673254944231598, 0.006900766789357928, 0.26996146997576093, 0.0059508667514032833, 0.0046953682670857607, 2.9147009248471445, 0.74715648682243085, 1, 2, 1, 1.0909090909090908, 0.13027845389612125
73, 0.72727272727272729, 5, 0.5, 0.008, 0.01, 0.99, 100, 19.8, 20, 125, 0.1, 0.83681818181818179, 334.72727272727275, 0.01, 0.43710464043040714, 0.00088173347491873877, 0.0057500699563337457, 0.25584671665576592, 0.0050265673889227569, 0.0043834112252091658, 2.655720630833291, 0.17244587076226517, 2, 2, 1, 4.9090909090909092, 0.28449032910634625
74, -0.36363636363636365, 5, 0.5, 0.008, 0.01, 0.99, 100, 19.8, 20, 15, 0.1, 0.14090909090909093, 56.363636363636367, 0.01, 0.25722756904850075, 0.0018302094123139072, 0.0072777053876198787, 0.26184025285296719, 0.0056850203613449642, 0.0044844014607506068, 2.4095769790757573, 0.72070707070707074, 2, 3, 2, 0.090909090909090912, 0.07256818835632542
75, -3.7272727272727271, 5, 0.5, 0.008, 0.01, 0.99, 100, 19.8, 20, 927, 0.1, 0.17909090909090908, 71.63636363636364, 0.01, 0.43654680862747541, 0.00098196692713105153, 0.0062340868034918371, 0.28590957580867504, 0.0055190878028645403, 0.0044396762231422989, 2.7253540305381168, 0.61009051686240356, 1, 1, 1, 29.272727272727273, 0.31184371173861014
76, -1.3636363636363635, 5, 0.5, 0.008, 0.01, 0.99, 100, 19.8, 20, 35, 0.1, 0.50522727272727275, 202.09090909090909, 0.01, 0.36240562987746272, 0.0012243007522012902, 0.0069491220167804124, 0.23826846072980168, 0.0059233534635216387, 0.0042465815257023863, 4.0221689904717444, 0.62112339061069477, 2, 2, 2, 0.72727272727272729, 0.15167115715854423
77, 0.54545454545454541, 5, 0.5, 0.008, 0.01, 0.99, 100, 19.8, 20, 994, 0.1, 0.082500000000000004, 33.0, 0.01, 0.36409697357442367, 0.00098153872439637048, 0.0044251210859400638, 0.2822844655778704, 0.0055534244271920807, 0.0040354136292115941, 4.2109294715865611, 0.52611399769139133, 1, 1, 2, 14.909090909090908, 0.14143141668477624
78, -0.90909090909090906, 5, 0.5, 0.008, 0.01, 0.99, 100, 19.8, 20, 42, 0.1, 0.56659090909090915, 226.63636363636363, 0.01, 0.27952211143922367, 0.0013663179686122468, 0.0070690706871832324, 0.25336636502018905, 0.0056502430530013768, 0.0040616969790435225, 2.7608092388090242, 0.73985306845858279, 2, 2, 1, 0.090909090909090912, 0.11291363911138096
79, -6.2727272727272725, 5, 0.5, 0.008, 0.01, 0.99, 100, 19.8, 20, 595, 0.1, 0.16590909090909092, 66.36363636363636, 0.01, 0.41573852117450794, 0.0009767564765541031, 0.0054867596320884882, 0.27307270553275936, 0.0053054156211983635, 0.0049115650011180003, 3.1594449343375373, 0.49951434451843918, 1, 2, 1, 14.0, 0.14936536836521028
80, -1.4545454545454546, 5, 0.5, 0.008, 0.01, 0.99, 100, 19.8, 20, 817, 0.1, 0.19295454545454546, 77.181818181818187, 0.01, 0.40147934497563154, 0.0007491246655999688, 0.0058207380216551505, 0.25792267694216842, 0.0061449394906720771, 0.0039789802262283278, 2.6200388558055465, 0.45603475550302863, 1, 2, 1, 16.545454545454547, 0.19537826689455826
81, -0.72727272727272729, 5, 0.5, 0.008, 0.01, 0.99, 100, 19.8, 20, 46, 0.1, 2.209318181818182, 883.72727272727275, 0.01, 0.35005088898159414, 0.0010372193462605441, 0.0049335207776913699, 0.29298602041937954, 0.0053473776519315213, 0.0040658514861446147, 2.9283129622978792, 0.58858142799760427, 2, 1, 1, 0.63636363636363635, 0.26451897747494685
82, -0.27272727272727271, 5, 0.5, 0.008, 0.01, 0.99, 100, 19.8, 20, 999, 0.1, 1.281590909090909, 512.63636363636363, 0.01, 0.4094687640178602, 0.0051450757766735473, 0.0091351905401210569, 0.28845110145378799, 0.0054167443069278115, 0.0046155461068124346, 0.27168248750312085, 0.037919919919919914, 2, 1, 3, 643.09090909090912, 0.2605912639967221
83, -0.54545454545454541, 5, 0.5, 0.008, 0.01, 0.99, 100, 19.8, 20, 19, 0.1, 0.19590909090909092, 78.36363636363636, 0.01, 0.24990233849800969, 0.0021070821384578321, 0.0069100772051743789, 0.26315458359459443, 0.0057734919177183817, 0.0048347280826938604, 2.6577803623087353, 0.71154021417179303, 2, 3, 1, 0.36363636363636365, 0.32351362765829766
84, -1.5454545454545454, 5, 0.5, 0.008, 0.01, 0.99, 100, 19.8, 20, 50, 0.1, 0.89886363636363631, 359.54545454545456, 0.01, 0.32487343601820751, 0.00086435372747301271, 0.0036870251746829829, 0.25100662042544092, 0.0048810463093657223, 0.0040221121584671149, 2.6557335578898082, 0.65736279308021883, 2, 2, 1, 0.90909090909090906, 0.35834899170560214
85, 2.7272727272727271, 5, 0.5, 0.008, 0.01, 0.99, 100, 19.8, 20, 280, 0.1, 0.13181818181818181, 52.727272727272727, 0.01, 0.34155116133039098, 0.001009057748520186, 0.0048187692096713043, 0.27966218798856751, 0.0055327323787757385, 0.0043106597709007379, 2.7825683828178782, 0.4574234361874811, 1, 2, 1, 12.090909090909092, 0.07776284915787678
86, -0.18181818181818182, 5, 0.5, 0.008, 0.01, 0.99, 100, 19.8, 20, 999, 0.1, 1.5220454545454545, 608.81818181818187, 0.01, 0.30862097108062481, 0.0020457498276801041, 0.0091616557845246912, 0.26264465605476373, 0.0059299890905052518, 0.0040006129112379728, 2.8350196072349045, 0.010376297782038049, 2, 1, 3, 540.90909090909088, 0.07517833329596355
87, 5.1818181818181817, 5, 0.5, 0.008, 0.01, 0.99, 100, 19.8, 20, 585, 0.1, 0.11477272727272726, 45.909090909090907, 0.01, 0.43744378576590176, 0.0011993194308505374, 0.0047727632779589364, 0.25512359606047053, 0.0059407780374246951, 0.0044248086057400455, 2.9469916406917225, 0.096602949539824623, 1, 1, 2, 6.5454545454545459, 0.10491634585742715
88, -0.36363636363636365, 5, 0.5, 0.008, 0.01, 0.99, 100, 19.8, 20, 21, 0.1, 0.54454545454545455, 217.81818181818181, 0.01, 0.35934099212095527, 0.0018490858224662848, 0.0057283121412110291, 0.29210850915100744, 0.0056741920889754873, 0.0044834360190730551, 3.0239683711572414, 0.68403187721369552, 2, 2, 1, 0.090909090909090912, 0.3228682794344846
89, -6.0, 5, 0.5, 0.008, 0.01, 0.99, 100, 19.8, 20, 640, 0.1, 0.10863636363636364, 43.454545454545453, 0.01, 0.34495140869066043, 0.0017949230443939188, 0.0057930050350612043, 0.27271629219249732, 0.0056838055029571838, 0.0044022936519589207, 5.2301273297246258, 0.57242003851285561, 1, 1, 2, 17.0, 0.16289551143512015
90, -2.3636363636363638, 5, 0.5, 0.008, 0.01, 0.99, 100, 19.8, 20, 882, 0.1, 0.15068181818181817, 60.272727272727273, 0.01, 0.38505522852318064, 0.0016068603274428347, 0.0051457896047202734, 0.30129243131163991, 0.0053447196080166704, 0.004703606162111843, 8.1126203749848553, 0.28160792249124733, 1, 1, 2, 18.09090909090909, 0.3052210550571
91, -0.54545454545454541, 5, 0.5, 0.008, 0.01, 0.99, 100, 19.8, 20, 13, 0.1, 0.14409090909090908, 57.636363636363633, 0.01, 0.24691334145190022, 0.001008170000465252, 0.0041200936489270215, 0.24438731868520006, 0.0056358646153485707, 0.0042825926396869709, 2.8977230924175497, 0.6353081387137115, 1, 3, 1, 0.090909090909090912, 0.14500895299205704
92, -0.63636363636363635, 5, 0.5, 0.008, 0.01, 0.99, 100, 19.8, 20, 973, 0.1, 0.10090909090909092, 40.363636363636367, 0.01, 0.3718519524874303, 0.0013380004497528188, 0.0074597570375348971, 0.3173546612375312, 0.0058586813179411831, 0.0042238379788007785, 4.592545193801393, 0.48639193806516429, 1, 2, 3, 19.0, 0.011519610009078887
93, -1.0, 5, 0.5, 0.008, 0.01, 0.99, 100, 19.8, 20, 22, 0.1, 0.23068181818181815, 92.272727272727266, 0.01, 0.29997714625101907, 0.001411834114736391, 0.0051077476179563642, 0.30473941220562478, 0.0049929283119018375, 0.0040866261462298775, 5.1652686040491345, 0.61995873128729906, 2, 3, 3, 0.090909090909090912, 0.05136745533022605
94, -1.1818181818181819, 5, 0.5, 0.008, 0.01, 0.99, 100, 19.8, 20, 35, 0.1, 0.25818181818181823, 103.27272727272727, 0.01, 0.22373390435214124, 0.0010978294812177627, 0.0073776098540701837, 0.27411146923062141, 0.0052390285582362087, 0.0044728499903926994, 6.1686870621373799, 0.38934448003052841, 1, 3, 2, 0.090909090909090912, 0.018094843262567585
95, 0.18181818181818182, 5, 0.5, 0.008, 0.01, 0.99, 100, 19.8, 20, 55, 0.1, 1.9093181818181819, 763.72727272727275, 0.01, 0.43424402986955574, 0.0011539696869373084, 0.0045648927360553452, 0.3239108796299312, 0.0053985958540290965, 0.0045655078657020351, 5.1764880249656322, 0.33759816654680946, 2, 2, 3, 1.0909090909090908, 0.31001441299185145
96, -0.45454545454545453, 5, 0.5, 0.008, 0.01, 0.99, 100, 19.8, 20, 57, 0.1, 0.70272727272727264, 281.09090909090907, 0.01, 0.35850974692713078, 0.001749316910903872, 0.0070394853510169463, 0.26706878318475546, 0.0056058322706952733, 0.0040512742620927638, 4.3134643232768068, 0.39945640799156018, 2, 2, 2, 1.8181818181818181, 0.04329131666976845
97, -6.0, 5, 0.5, 0.008, 0.01, 0.99, 100, 19.8, 20, 551, 0.1, 0.13863636363636367, 55.454545454545453, 0.01, 0.34467173976734489, 0.00058128338511656303, 0.0084918237090198731, 0.29673658334785502, 0.0057570094298560609, 0.0042636567628222813, 4.7690948119982357, 0.84053369957284052, 1, 2, 3, 3.0909090909090908, 0.2712656051581614
98, -0.63636363636363635, 5, 0.5, 0.008, 0.01, 0.99, 100, 19.8, 20, 19, 0.1, 0.20818181818181819, 83.272727272727266, 0.01, 0.33689799486338751, 0.0013938101800478624, 0.0065784930038058406, 0.28156861576115227, 0.0059260877956977855, 0.0049200953330320908, 7.1921474616253782, 0.63302516081796301, 1, 3, 2, 0.63636363636363635, 0.11833416191160423
99, 0.45454545454545453, 5, 0.5, 0.008, 0.01, 0.99, 100, 19.8, 20, 989, 0.1, 0.050681818181818182, 20.272727272727273, 0.01, 0.39800104197121938, 0.001809664481732081, 0.0067694878530615427, 0.28358881644924644, 0.0057069503287176301, 0.0046561829605075988, 3.6791071875040671, 0.32365067526990199, 1, 1, 3, 48.636363636363633, 0.205787191876316
100, -0.27272727272727271, 5, 0.5, 0.008, 0.01, 0.99, 100, 19.8, 20, 25, 0.1, 0.2461363636363636, 98.454545454545453, 0.01, 0.3917907873242697, 0.0012534521631734762, 0.0045241708426788131, 0.31404212233582079, 0.0046926370163571105, 0.0042936578890223056, 4.2696101316109178, 0.70269619269619266, 2, 3, 3, 0.54545454545454541, 0.23623395315537316
101, -0.63636363636363635, 5, 0.5, 0.008, 0.01, 0.99, 100, 19.8, 20, 58, 0.1, 0.70818181818181813, 283.27272727272725, 0.01, 0.39112279177304088, 0.0012606195589522017, 0.0055045105849893814, 0.30864191847877559, 0.0049802623311604186, 0.004131959584741684, 8.4957500585116001, 0.2847406836001366, 2, 2, 2, 0.27272727272727271, 0.17175930620450938
102, -0.45454545454545453, 5, 0.5, 0.008, 0.01, 0.99, 100, 19.8, 20, 954, 0.1, 0.078636363636363629, 31.454545454545453, 0.01, 0.32543424451147829, 0.0012376625382661112, 0.0054944943930536607, 0.25914935191760052, 0.0056648301354109915, 0.0038341800878699331, 4.2177414958178492, 0.31429367343651088, 1, 1, 3, 31.363636363636363, 0.022765482059155392
103, 0.0, 5, 0.5, 0.008, 0.01, 0.99, 100, 19.8, 20, 1000, 0.1, 1.281590909090909, 512.63636363636363, 0.01, 0.29961634327859232, 0.0010451742025319227, 0.0089725394692007302, 0.25772006451340029, 0.0050466298388755432, 0.0036956154030699738, 0.53971475042890071, 0.011827379399094545, 2, 1, 2, 264.27272727272725, 0.19703779270168853
104, -4.3636363636363633, 5, 0.5, 0.008, 0.01, 0.99, 100, 19.8, 20, 498, 0.1, 0.21068181818181816, 84.272727272727266, 0.01, 0.39708175844744387, 0.0009990282668304424, 0.0035614382594639266, 0.29757612967815494, 0.0047689359021450828, 0.0041220922078107078, 2.6226080644026233, 0.77523639432504798, 1, 2, 1, 10.090909090909092, 0.04457012988273207
105, -0.54545454545454541, 5, 0.5, 0.008, 0.01, 0.99, 100, 19.8, 20, 16, 0.1, 0.98477272727272702, 393.90909090909093, 0.01, 0.28626716381645284, 0.0011953370946020394, 0.0026398922996625604, 0.24499654242139801, 0.0056916249774675515, 0.0042650050489882307, 2.8964946658271651, 0.7270743145743146, 2, 1, 1, 0.27272727272727271, 0.36602752717629106
106, 0.0, 5, 0.5, 0.008, 0.01, 0.99, 100, 19.8, 20, 995, 0.1, 0.085227272727272735, 34.090909090909093, 0.01, 0.36943841968872965, 0.0010366834170727199, 0.0048286061331745964, 0.33909046431417555, 0.0053481527011113496, 0.0036650518443260309, 3.8585136355523462, 0.30091591946744978, 1, 1, 2, 10.272727272727273, 0.10989686287829269
107, -3.4545454545454546, 5, 0.5, 0.008, 0.01, 0.99, 100, 19.8, 20, 761, 0.1, 0.19681818181818181, 78.727272727272734, 0.01, 0.32432910891472533, 0.00099016788651486534, 0.0082148197766543345, 0.27377103582165047, 0.0056729938408183536, 0.004009268174706088, 3.0725293959598514, 0.26978237376400077, 1, 2, 1, 18.272727272727273, 0.23864170306721513
108, 16.90909090909091, 5, 0.5, 0.008, 0.01, 0.99, 100, 19.8, 20, 673, 0.1, 0.16068181818181818, 64.272727272727266, 0.01, 0.30549160125407998, 0.0021579471588026168, 0.0047995097059550275, 0.25920824055566927, 0.0053202159168158009, 0.0043366278222910434, 4.2691237086530656, 0.37718082696988825, 1, 1, 2, 14.545454545454545, 0.1808742945204741
109, -1.4545454545454546, 5, 0.5, 0.008, 0.01, 0.99, 100, 19.8, 20, 68, 0.1, 0.81249999999999989, 325.0, 0.01, 0.32374750603993618, 0.0007763618750728275, 0.005272324667472141, 0.26655028237441486, 0.0057501757173950901, 0.0045307969247556845, 2.7557180449843379, 0.31557174357569279, 2, 2, 2, 2.0909090909090908, 0.1800248109074468
110, -0.18181818181818182, 5, 0.5, 0.008, 0.01, 0.99, 100, 19.8, 20, 59, 0.1, 0.24749999999999997, 99.0, 0.01, 0.19427395365876549, 0.00063032730743924547, 0.0070333830583348741, 0.28418366747194618, 0.0056579752134776088, 0.0036339963920462071, 4.8696399413217089, 0.52563145225235275, 1, 3, 3, 0.27272727272727271, 0.3423191980337693
111, -0.72727272727272729, 5, 0.5, 0.008, 0.01, 0.99, 100, 19.8, 20, 26, 0.1, 0.44954545454545458, 179.81818181818181, 0.01, 0.33562953636977644, 0.00083468380505736194, 0.0060476409417960057, 0.28399686582174993, 0.0053100953063675562, 0.0045132864465339704, 4.6609770696981885, 0.54394238079721946, 2, 2, 3, 0.18181818181818182, 0.132648418078206
112, -1.2727272727272727, 5, 0.5, 0.008, 0.01, 0.99, 100, 19.8, 20, 35, 0.1, 0.70045454545454533, 280.18181818181819, 0.01, 0.30416274452994724, 0.0018165448822850601, 0.0081663325036396752, 0.26082535801773954, 0.006164416192394306, 0.0048930352497209961, 6.8333076413880498, 0.58685804962038657, 2, 2, 2, 0.63636363636363635, 0.15258230331048397
113, 1.2727272727272727, 5, 0.5, 0.008, 0.01, 0.99, 100, 19.8, 20, 990, 0.1, 0.16204545454545455, 64.818181818181813, 0.01, 0.35594162217658054, 0.00065847358194260795, 0.008808145142114681, 0.27444872984799068, 0.0060325320938006124, 0.0040751100370744623, 2.7970647615885449, 0.54345102536386192, 1, 1, 1, 28.636363636363637, 0.09807789692755813
114, -0.36363636363636365, 5, 0.5, 0.008, 0.01, 0.99, 100, 19.8, 20, 16, 0.1, 0.19727272727272729, 78.909090909090907, 0.01, 0.19380839765821545, 0.0016631079539208326, 0.0044119518277834458, 0.26557824624537324, 0.0049044307976933554, 0.0042818791426413117, 4.9864425478355692, 0.65240960020371785, 2, 3, 3, 0.45454545454545453, 0.1661457400040518
115, -1.1818181818181819, 5, 0.5, 0.008, 0.01, 0.99, 100, 19.8, 20, 6, 0.1, 0.23636363636363641, 94.545454545454547, 0.01, 0.35794093515229025, 0.00060655316663034116, 0.0062920055128218169, 0.28971094232383393, 0.005606734029938317, 0.0047443172417515073, 3.192214837910639, 0.92568542568542578, 1, 3, 1, 0.0, 0.02493570080844544
116, -1.0, 5, 0.5, 0.008, 0.01, 0.99, 100, 19.8, 20, 82, 0.1, 1.0859090909090907, 434.36363636363637, 0.01, 0.3630986660538662, 0.00081702111240638316, 0.0049889400361796477, 0.27813860746352609, 0.0055283679924598844, 0.0042257872038182123, 3.1356806238450092, 0.67940313079853154, 2, 1, 1, 1.4545454545454546, 0.05844829648779377
117, -5.0, 5, 0.5, 0.008, 0.01, 0.99, 100, 19.8, 20, 665, 0.1, 0.096590909090909088, 38.636363636363633, 0.01, 0.40948386285089827, 0.0014811068839249699, 0.0082141704522074518, 0.26816908612850432, 0.0068031604997247841, 0.0041397846825662193, 2.4995867224599753, 0.35504182796174311, 1, 2, 3, 7.7272727272727275, 0.13267729834841827
118, 14.727272727272727, 5, 0.5, 0.008, 0.01, 0.99, 100, 19.8, 20, 349, 0.1, 1.4188636363636364, 567.5454545454545, 0.01, 0.30070622832746891, 0.0041666536846566467, 0.0091494718023074628, 0.28441928655418275, 0.0058526067559954908, 0.0045612273554803111, 0.95895311921467652, 0.34043488130125027, 2, 1, 2, 41.545454545454547, 0.20008820643706499
119, -0.90909090909090906, 5, 0.5, 0.008, 0.01, 0.99, 100, 19.8, 20, 59, 0.1, 0.46022727272727271, 184.09090909090909, 0.01, 0.37985683281073057, 0.00083194586057774866, 0.0049997542377899782, 0.27503378010691198, 0.0056826275012839605, 0.0043318834270122796, 4.9320217225483018, 0.6570237706337031, 2, 2, 3, 0.90909090909090906, 0.13741225505028443
120, -6.1818181818181817, 5, 0.5, 0.008, 0.01, 0.99, 100, 19.8, 20, 584, 0.1, 0.13636363636363641, 54.545454545454547, 0.01, 0.36089096713388202, 0.00098730846784321783, 0.0031623073680519267, 0.28570602693577579, 0.004698409218088207, 0.00467353705316601, 3.9320568175700839, 0.44387111334171619, 1, 1, 2, 5.2727272727272725, 0.10861027013029122
121, -0.81818181818181823, 5, 0.5, 0.008, 0.01, 0.99, 100, 19.8, 20, 18, 0.1, 0.54295454545454536, 217.18181818181819, 0.01, 0.27402805880264808, 0.0013615417423208408, 0.0068759232931401163, 0.26563120753813207, 0.0063350950857383329, 0.0045369653919402194, 2.5774708667976074, 0.41215791544570651, 2, 2, 1, 0.27272727272727271, 0.32961173923784925
122, 2.7272727272727271, 5, 0.5, 0.008, 0.01, 0.99, 100, 19.8, 20, 959, 0.1, 0.22227272727272726, 88.909090909090907, 0.01, 0.43410053639807505, 0.00056583135513087234, 0.0077142417921206401, 0.26440039440472585, 0.0058928065948746916, 0.0038526336164694682, 2.8949690655543319, 0.70162216007889844, 1, 2, 2, 12.181818181818182, 0.25041231018524024
123, 1.0, 5, 0.5, 0.008, 0.01, 0.99, 100, 19.8, 20, 42, 0.1, 0.70772727272727265, 283.09090909090907, 0.01, 0.30302212411634605, 0.0016391003301931702, 0.0052465248140658614, 0.29559999482259458, 0.0061176181713679502, 0.0047845156849574046, 2.9320232425545485, 0.31450131827147254, 2, 2, 1, 2.0, 0.35338054048909157
124, -0.63636363636363635, 5, 0.5, 0.008, 0.01, 0.99, 100, 19.8, 20, 8, 0.1, 0.20431818181818182, 81.727272727272734, 0.01, 0.23184164352286379, 0.001154765370343365, 0.0053756203920066435, 0.25290585658407622, 0.0059302224616670845, 0.0046441639515632229, 3.0041887072006634, 0.79409479409479422, 1, 3, 1, 0.18181818181818182, 0.09775768811433895
125, -0.18181818181818182, 5, 0.5, 0.008, 0.01, 0.99, 100, 19.8, 20, 22, 0.1, 0.18363636363636363, 73.454545454545453, 0.01, 0.23972681066285126, 0.0017203426099387895, 0.0046434525475535053, 0.28138907286502146, 0.0054985916461753256, 0.0043239878399211236, 3.1973242542590325, 0.65625081988718348, 2, 3, 3, 0.45454545454545453, 0.116423566463544
126, -1.4545454545454546, 5, 0.5, 0.008, 0.01, 0.99, 100, 19.8, 20, 34, 0.1, 0.91409090909090895, 365.63636363636363, 0.01, 0.30660511740729324, 0.0010256823229095671, 0.0061537651793933694, 0.28069450303226567, 0.0050398541140159467, 0.0046365271401161475, 2.6870057819526374, 0.62827489937479208, 2, 1, 1, 0.54545454545454541, 0.2668549520395317
127, -0.36363636363636365, 5, 0.5, 0.008, 0.01, 0.99, 100, 19.8, 20, 29, 0.1, 0.23363636363636359, 93.454545454545453, 0.01, 0.26122687694533364, 0.0014266145802825517, 0.0060489687940333938, 0.29859738477288206, 0.0059581225528971939, 0.0044454427728777782, 2.7485704953371535, 0.50366735537190088, 1, 3, 1, 0.27272727272727271, 0.286988032345784
128, 12.545454545454545, 5, 0.5, 0.008, 0.01, 0.99, 100, 19.8, 20, 707, 0.1, 0.15954545454545455, 63.81818181818182, 0.01, 0.39805426339669392, 0.0012473958214194692, 0.0059622926902263614, 0.25540179174615568, 0.0046383123443081544, 0.0045937318834981256, 4.6059237263253348, 0.53621570668960006, 1, 1, 2, 22.454545454545453, 0.17657573205586546
129, 1.4545454545454546, 5, 0.5, 0.008, 0.01, 0.99, 100, 19.8, 20, 306, 0.1, 0.12045454545454545, 48.18181818181818, 0.01, 0.34984915503556019, 0.0010286256318955368, 0.0050689789112887719, 0.28886836753823747, 0.0058419504396932829, 0.0044959925079462917, 2.1841461638898125, 0.58771628463467696, 1, 2, 2, 7.7272727272727275, 0.3600155520260429
130, 1.0, 5, 0.5, 0.008, 0.01, 0.99, 100, 19.8, 20, 221, 0.1, 0.22227272727272726, 88.909090909090907, 0.01, 0.33174180352205962, 0.001128379391133355, 0.0029094864751978669, 0.24395380867006039, 0.0047351762725615027, 0.0042778056941159964, 6.3624671632085521, 0.30433105043500591, 1, 2, 2, 0.18181818181818182, 0.37157876743402646
131, 0.36363636363636365, 5, 0.5, 0.008, 0.01, 0.99, 100, 19.8, 20, 994, 0.1, 0.098636363636363633, 39.454545454545453, 0.01, 0.46122239422755251, 0.00081778293071201611, 0.0070303739011093195, 0.28541694908837689, 0.005853443460304311, 0.004026937132765379, 3.3058420373392492, 0.27884981388809549, 1, 1, 2, 33.454545454545453, 0.19114570730708294
132, 0.54545454545454541, 5, 0.5, 0.008, 0.01, 0.99, 100, 19.8, 20, 985, 0.1, 0.040909090909090909, 16.363636363636363, 0.01, 0.37002356097549943, 0.0015739138482466857, 0.0059107057163640146, 0.24856876213597753, 0.0060402549098518702, 0.0045749098663648022, 4.7886847739350253, 0.4684505149714891, 1, 1, 3, 18.727272727272727, 0.23793275567165909
133, -0.36363636363636365, 5, 0.5, 0.008, 0.01, 0.99, 100, 19.8, 20, 16, 0.1, 0.16886363636363635, 67.545454545454547, 0.01, 0.36694470376201305, 0.0022271937504161521, 0.0055708959649355353, 0.24063206603195797, 0.0051683334108314416, 0.004380864573677765, 5.5104985878620374, 0.58482620320855616, 2, 3, 3, 0.0, 0.16344559990419197
134, -1.3636363636363635, 5, 0.5, 0.008, 0.01, 0.99, 100, 19.8, 20, 37, 0.1, 0.2361363636363637, 94.454545454545453, 0.01, 0.46726551013699158, 0.0010100024802433883, 0.0055909672305376051, 0.33402095276710314, 0.0056435218334534732, 0.0041471135629371682, 3.1184893688963213, 0.68482776335374429, 2, 3, 2, 0.45454545454545453, 0.19520778180172788
135, -6.9090909090909092, 5, 0.5, 0.008, 0.01, 0.99, 100, 19.8, 20, 385, 0.1, 0.12863636363636363, 51.454545454545453, 0.01, 0.30005256006186981, 0.0013990221164086331, 0.0055245217021070705, 0.27425367897308039, 0.0056498916116001089, 0.0043355291569366124, 1.8499963284400758, 0.60225495799048978, 1, 2, 2, 12.363636363636363, 0.254540926879631
136, 0.45454545454545453, 5, 0.5, 0.008, 0.01, 0.99, 100, 19.8, 20, 997, 0.1, 0.08136363636363636, 32.545454545454547, 0.01, 0.43935906934814145, 0.0014354185823091787, 0.0066048369970871648, 0.27981033654036408, 0.0054630446100573391, 0.0048827955985813109, 6.8231239267349926, 0.19613485331333766, 1, 1, 3, 39.18181818181818, 0.3055115526041524
137, -0.45454545454545453, 5, 0.5, 0.008, 0.01, 0.99, 100, 19.8, 20, 15, 0.1, 0.22295454545454543, 89.181818181818187, 0.01, 0.27183599448382617, 0.0005624610128344414, 0.0069146943934909645, 0.26474451563185097, 0.0058215126949613255, 0.0043859909798853796, 4.2775846864934488, 0.82732237233011219, 1, 3, 2, 0.0, 0.07268861843942312
138, -1.3636363636363635, 5, 0.5, 0.008, 0.01, 0.99, 100, 19.8, 20, 68, 0.1, 0.6365909090909091, 254.63636363636363, 0.01, 0.17067773902821182, 0.00037674158469871934, 0.0033425665878829753, 0.28637174996589027, 0.0053705860649912998, 0.0038744676221084944, 2.941107206612926, 0.85314919269831124, 2, 2, 1, 0.090909090909090912, 0.26261480325815817
139, 3.2727272727272729, 5, 0.5, 0.008, 0.01, 0.99, 100, 19.8, 20, 877, 0.1, 0.072954545454545439, 29.181818181818183, 0.01, 0.42578283952132839, 0.0016927031354783651, 0.006060599304439542, 0.26365034198362514, 0.0059061484594135774, 0.0041598930268445973, 4.8444620394087288, 0.26329364067064709, 1, 1, 2, 20.454545454545453, 0.3508488559224954
140, 0.90909090909090906, 5, 0.5, 0.008, 0.01, 0.99, 100, 19.8, 20, 148, 0.1, 1.2554545454545456, 502.18181818181819, 0.01, 0.28364973288770762, 0.0012006053672393383, 0.0082771627696808861, 0.23594786765034634, 0.0058328921671775801, 0.0044275796377394403, 7.7519142472694362, 0.092760156020956094, 2, 2, 3, 6.4545454545454541, 0.30871992866767844
141, 0.18181818181818182, 5, 0.5, 0.008, 0.01, 0.99, 100, 19.8, 20, 43, 0.1, 0.50568181818181823, 202.27272727272728, 0.01, 0.33755748908109678, 0.0010376917670766419, 0.0041988339955171877, 0.2893381239779696, 0.0057037581225210495, 0.0042492953689191428, 2.8676588946707464, 0.55070545115325242, 2, 2, 1, 1.3636363636363635, 0.3120732613720035
142, -0.090909090909090912, 5, 0.5, 0.008, 0.01, 0.99, 100, 19.8, 20, 999, 0.1, 1.7356818181818179, 694.27272727272725, 0.01, 0.41701840782589472, 0.0043733863746774548, 0.0054597553992477114, 0.27641738737435151, 0.0047410425426512694, 0.004243599639053971, 6.1846595904328376, 0.047675154319086109, 2, 1, 3, 559.4545454545455, 0.14792864089439037
143, -5.0, 5, 0.5, 0.008, 0.01, 0.99, 100, 19.8, 20, 628, 0.1, 0.14727272727272725, 58.909090909090907, 0.01, 0.37090004065364612, 0.00053661086291027402, 0.0023021943197067446, 0.24778514698668627, 0.0051045189965474936, 0.004061815640700372, 1.2558250041898404, 0.67036539716469623, 1, 2, 2, 1.9090909090909092, 0.3402609327309734
144, -0.36363636363636365, 5, 0.5, 0.008, 0.01, 0.99, 100, 19.8, 20, 20, 0.1, 0.6377272727272727, 255.09090909090909, 0.01, 0.26718888843990557, 0.0018247758590590358, 0.0070875017234328938, 0.27111689337211431, 0.0053826560459087772, 0.0041712826106613064, 5.9082744052136613, 0.55159728282257925, 2, 2, 2, 0.36363636363636365, 0.01673269636494652
145, 0.63636363636363635, 5, 0.5, 0.008, 0.01, 0.99, 100, 19.8, 20, 987, 0.1, 0.18522727272727268, 74.090909090909093, 0.01, 0.46757297824843191, 0.00093001445988805771, 0.0054441415586130816, 0.27065433314364779, 0.005914425923318597, 0.0043478281485214649, 2.7634435690312711, 0.4591831102175794, 1, 1, 1, 24.727272727272727, 0.3571323937868318
146, 0.63636363636363635, 5, 0.5, 0.008, 0.01, 0.99, 100, 19.8, 20, 985, 0.1, 0.046363636363636364, 18.545454545454547, 0.01, 0.37758986245141829, 0.0017423335229787367, 0.0053483009159112386, 0.27130487176723789, 0.0056684684533190371, 0.0045942998930061946, 3.874090346732467, 0.40493705267475516, 1, 1, 3, 32.727272727272727, 0.2795449479109626
147, -0.090909090909090912, 5, 0.5, 0.008, 0.01, 0.99, 100, 19.8, 20, 997, 0.1, 1.1122727272727273, 444.90909090909093, 0.01, 0.48718460828352117, 0.0043132988173121617, 0.0083793094111420281, 0.29650470880013202, 0.0060621297539344889, 0.0041970129671396713, 0.64023088489316804, 0.1048520482506782, 2, 1, 2, 287.90909090909093, 0.16819481191768265
148, 0.0, 5, 0.5, 0.008, 0.01, 0.99, 100, 19.8, 20, 20, 0.1, 0.27204545454545453, 108.81818181818181, 0.01, 0.35563858476540655, 0.0018493008589200088, 0.0045897747013649952, 0.29336449688327454, 0.0055887566325562845, 0.004244338329859319, 3.0638115265871888, 0.43383095662507432, 2, 3, 1, 0.27272727272727271, 0.07549183265286945
149, -0.090909090909090912, 5, 0.5, 0.008, 0.01, 0.99, 100, 19.8, 20, 997, 0.1, 1.7131818181818181, 685.27272727272725, 0.01, 0.40173979481154815, 0.002907258942512236, 0.0032293080750053519, 0.27873706129668058, 0.0056191120651234716, 0.0037755042268889354, 14.371022011726785, 0.17823333121982909, 2, 1, 2, 128.63636363636363, 0.11544298203869537
150, -0.54545454545454541, 5, 0.5, 0.008, 0.01, 0.99, 100, 19.8, 20, 20, 0.1, 0.1677272727272727, 67.090909090909093, 0.01, 0.22341244282856626, 0.001325592382274605, 0.0059781609927350328, 0.25181587800391536, 0.0056633522453006869, 0.0040810692068266449, 3.5974402303323263, 0.4392502096059408, 2, 3, 3, 0.0, 0.376665445062406
151, -0.45454545454545453, 5, 0.5, 0.008, 0.01, 0.99, 100, 19.8, 20, 993, 0.1, 1.8890909090909089, 755.63636363636363, 0.01, 0.32966397657646729, 0.0047048856256558412, 0.0079638912166415839, 0.27289957302781559, 0.0061721145211970172, 0.0041515986853024869, 0.60683584136139079, 0.028573019652881768, 2, 1, 3, 461.09090909090907, 0.1983714163368093
152, 0.0, 5, 0.5, 0.008, 0.01, 0.99, 100, 19.8, 20, 44, 0.1, 1.1265909090909092, 450.63636363636363, 0.01, 0.25315102343325013, 0.00080386653019642981, 0.0059038523278928312, 0.26680943396702783, 0.0057270393322570636, 0.0041057353278092781, 2.4860698381161748, 0.53927742753921626, 2, 2, 3, 0.90909090909090906, 0.17844217470096685
153, -0.54545454545454541, 5, 0.5, 0.008, 0.01, 0.99, 100, 19.8, 20, 13, 0.1, 0.2009090909090909, 80.36363636363636, 0.01, 0.26590546703529122, 0.0011017738494150558, 0.0069144716783395618, 0.27168942054206657, 0.005920271335199883, 0.0038827589856043941, 2.7532182440118032, 0.75879988994962266, 1, 3, 1, 0.27272727272727271, 0.17034631216497578
154, -7.8181818181818183, 5, 0.5, 0.008, 0.01, 0.99, 100, 19.8, 20, 756, 0.1, 0.11136363636363635, 44.545454545454547, 0.01, 0.2944437806246144, 0.0011289978003120992, 0.0072862732775481141, 0.28012373474420654, 0.0061065243764235827, 0.0043096642480403985, 4.8412569163098986, 0.51693529186603315, 1, 1, 2, 7.6363636363636367, 0.3802928416521916
155, -1.4545454545454546, 5, 0.5, 0.008, 0.01, 0.99, 100, 19.8, 20, 27, 0.1, 0.16136363636363635, 64.545454545454547, 0.01, 0.3209599324160673, 0.00058126499139852671, 0.0056821484272330377, 0.29245887368024343, 0.0052846158824687937, 0.0041775197467653355, 4.0813449080339845, 0.8784133600643691, 2, 3, 2, 0.0, 0.3377003977941698
156, -0.18181818181818182, 5, 0.5, 0.008, 0.01, 0.99, 100, 19.8, 20, 8, 0.1, 0.19863636363636364, 79.454545454545453, 0.01, 0.36814038254814108, 0.0025975092618223724, 0.0046123600431586843, 0.27351740987303347, 0.0057855307417635756, 0.0041883380514541411, 3.2401925751142184, 0.52380952380952384, 1, 3, 2, 0.0, 0.362652660880534
157, -0.18181818181818182, 5, 0.5, 0.008, 0.01, 0.99, 100, 19.8, 20, 20, 0.1, 0.19386363636363635, 77.545454545454547, 0.01, 0.24358060767683004, 0.0017738363484605974, 0.0067642293614095274, 0.28743379631650162, 0.0053733371594041702, 0.0043139274182531833, 5.2987204901521503, 0.56290726817042602, 2, 3, 2, 0.090909090909090912, 0.22835847895984185
158, 0.090909090909090912, 5, 0.5, 0.008, 0.01, 0.99, 100, 19.8, 20, 989, 0.1, 0.044545454545454541, 17.818181818181817, 0.01, 0.44789735652457452, 0.0017061889295970107, 0.0042868424923988594, 0.27609459679199094, 0.0058228044611625682, 0.0045748701855667789, 3.1150206153199274, 0.1218135355022001, 1, 1, 1, 37.363636363636367, 0.0866913877559658
159, -1.6363636363636365, 5, 0.5, 0.008, 0.01, 0.99, 100, 19.8, 20, 82, 0.1, 0.2034090909090909, 81.36363636363636, 0.01, 0.36476846786872302, 0.00082522322082450921, 0.005093171557931802, 0.26623994273827112, 0.0053213408300320526, 0.0046206179856631748, 5.3561682825827255, 0.54827060776999181, 1, 2, 2, 1.1818181818181819, 0.2440812388766481
160, -13.0, 5, 0.5, 0.008, 0.01, 0.99, 100, 19.8, 20, 757, 0.1, 0.18954545454545449, 75.818181818181813, 0.01, 0.47142569978714571, 0.00066938183548511309, 0.0091057986873974098, 0.25707708567269999, 0.005280421399556764, 0.0043774758126560514, 2.6366949522081171, 0.79802698588038756, 1, 2, 1, 7.3636363636363633, 0.3110529934613174
161, 0.0, 5, 0.5, 0.008, 0.01, 0.99, 100, 19.8, 20, 1000, 0.1, 0.89886363636363631, 359.54545454545456, 0.01, 0.42462188584862054, 0.0011178866834363711, 0.0086041934687681974, 0.26449769342840496, 0.0055088367991863426, 0.0047538713615922915, 0.66251834015038991, 0.011827930141676992, 2, 1, 2, 160.45454545454547, 0.2965815711451688
162, -0.45454545454545453, 5, 0.5, 0.008, 0.01, 0.99, 100, 19.8, 20, 986, 0.1, 0.043409090909090904, 17.363636363636363, 0.01, 0.37476153691752184, 0.0020546338767014382, 0.0053532585962016441, 0.27785147587112125, 0.0051240796608317384, 0.0045133884367566544, 3.9005928538006458, 0.31351558006999442, 1, 1, 3, 30.545454545454547, 0.3056859132433203
163, -0.090909090909090912, 5, 0.5, 0.008, 0.01, 0.99, 100, 19.8, 20, 1000, 0.1, 1.8970454545454549, 758.81818181818187, 0.01, 0.41849209454068698, 0.0043747681737952926, 0.0079979269189120582, 0.25216888334306248, 0.0060899185836533623, 0.0042958599359852467, 8.1626847025452758, 0.053186823186823197, 2, 1, 3, 618.4545454545455, 0.2236373289522038
164, -0.45454545454545453, 5, 0.5, 0.008, 0.01, 0.99, 100, 19.8, 20, 8, 0.1, 0.22022727272727272, 88.090909090909093, 0.01, 0.34436112825329473, 0.0017674733550427015, 0.0041633313984037234, 0.29121236916427062, 0.004971429248184174, 0.0049057111756176134, 3.9212961314435408, 0.68975468975468968, 1, 3, 3, 0.090909090909090912, 0.2191661862926888
165, -0.27272727272727271, 5, 0.5, 0.008, 0.01, 0.99, 100, 19.8, 20, 4, 0.1, 0.2654545454545455, 106.18181818181819, 0.01, 0.39142040475701328, 0.0014449624009593683, 0.0056170482665429287, 0.2872225172232476, 0.0057343155691709303, 0.0048005501439773515, 2.9319689496166892, 0.6166666666666667, 1, 3, 1, 0.090909090909090912, 0.10148568993804451
166, 0.54545454545454541, 5, 0.5, 0.008, 0.01, 0.99, 100, 19.8, 20, 412, 0.1, 0.14977272727272728, 59.909090909090907, 0.01, 0.34144799627291866, 0.0010777162005219483, 0.0057734170873523149, 0.28259023215016549, 0.0059928612024936637, 0.0043377878260092784, 2.8220825078317655, 0.55164301502048441, 1, 1, 1, 12.636363636363637, 0.21317771829379178
167, -1.0, 5, 0.5, 0.008, 0.01, 0.99, 100, 19.8, 20, 34, 0.1, 0.97636363636363621, 390.54545454545456, 0.01, 0.2937371224077554, 0.0015929954443883968, 0.0074799907311931197, 0.27059324311936334, 0.005971701218795606, 0.0044877140362723647, 2.675069180032803, 0.48671371223816651, 2, 1, 1, 1.3636363636363635, 0.059353868433231434
168, 8.454545454545455, 5, 0.5, 0.008, 0.01, 0.99, 100, 19.8, 20, 973, 0.1, 0.18113636363636365, 72.454545454545453, 0.01, 0.25659967883859403, 0.001374496845158955, 0.0076136151373701506, 0.2780910259370909, 0.0060239476571559147, 0.0048405950881967455, 4.8885168957077925, 0.14835904446721548, 1, 1, 2, 40.454545454545453, 0.19072369565903227
169, 0.090909090909090912, 5, 0.5, 0.008, 0.01, 0.99, 100, 19.8, 20, 22, 0.1, 0.22568181818181818, 90.272727272727266, 0.01, 0.26508841712596481, 0.002834077382121158, 0.0056109630130313452, 0.25264812479811494, 0.0059032526395520904, 0.0042978279219872632, 3.1042611423066173, 0.57975621378027786, 1, 3, 1, 0.36363636363636365, 0.3868772684414353
170, 0.0, 5, 0.5, 0.008, 0.01, 0.99, 100, 19.8, 20, 988, 0.1, 0.21409090909090905, 85.63636363636364, 0.01, 0.47380711953799698, 0.00074550887211142429, 0.0029034324648402193, 0.25859446640471967, 0.0054716426260478434, 0.0047839166650549018, 2.6726158997041867, 0.36132306409225912, 1, 1, 1, 21.272727272727273, 0.05403131144681602
171, -0.45454545454545453, 5, 0.5, 0.008, 0.01, 0.99, 100, 19.8, 20, 21, 0.1, 0.19727272727272727, 78.909090909090907, 0.01, 0.25099816711807332, 0.0015383270002502622, 0.0071526845966568215, 0.27329998413008072, 0.0055611790754852581, 0.0042938967537183848, 5.2083956717077768, 0.63182130122841584, 1, 3, 2, 0.18181818181818182, 0.011757943753230051
172, 0.27272727272727271, 5, 0.5, 0.008, 0.01, 0.99, 100, 19.8, 20, 51, 0.1, 0.45659090909090916, 182.63636363636363, 0.01, 0.24707242700434626, 0.0014600122293635701, 0.0052815166524396587, 0.25994047609278897, 0.0054649588489066236, 0.0045575262517877609, 2.6961094902097607, 0.49507664504640536, 2, 2, 1, 0.72727272727272729, 0.36914698713671007
173, -0.090909090909090912, 5, 0.5, 0.008, 0.01, 0.99, 100, 19.8, 20, 11, 0.1, 0.35636363636363633, 142.54545454545453, 0.01, 0.23598885163057751, 0.0013910669272345886, 0.0051696087308698924, 0.24536858168919595, 0.0058480134416707217, 0.004536554562108646, 3.084546307812337, 0.63154269972451804, 1, 3, 1, 0.36363636363636365, 0.21173624743433128
174, -0.090909090909090912, 5, 0.5, 0.008, 0.01, 0.99, 100, 19.8, 20, 1000, 0.1, 1.9811363636363639, 792.4545454545455, 0.01, 0.32322162152945522, 0.0018352657558685351, 0.0087843760630915372, 0.27711274690687621, 0.0051879604876258418, 0.0038006841323062336, 0.41126408940253412, 0.0064551824551824562, 2, 1, 3, 532.4545454545455, 0.14341646050905704
175, -1.6363636363636365, 5, 0.5, 0.008, 0.01, 0.99, 100, 19.8, 20, 188, 0.1, 0.87568181818181823, 350.27272727272725, 0.01, 0.31747387044900949, 0.0014622899645463641, 0.0060261797071788645, 0.28702874096039588, 0.0054307403009451003, 0.0042906729761747831, 3.1786996951408129, 0.43094001660720432, 2, 2, 2, 1.4545454545454546, 0.09547067593593489
176, -0.81818181818181823, 5, 0.5, 0.008, 0.01, 0.99, 100, 19.8, 20, 98, 0.1, 1.0729545454545457, 429.18181818181819, 0.01, 0.45368708153784476, 0.00094196717418770879, 0.0057968135412135432, 0.26435832070698867, 0.005907489417012482, 0.0041005150407712456, 2.8075059082036846, 0.59245873090167334, 2, 1, 1, 2.0909090909090908, 0.3660008746782166
177, 10.454545454545455, 5, 0.5, 0.008, 0.01, 0.99, 100, 19.8, 20, 979, 0.1, 0.10818181818181817, 43.272727272727273, 0.01, 0.3564998227987714, 0.0014960638931935145, 0.0060093105302338043, 0.29061817682358948, 0.0050071050986055582, 0.0047264879978675973, 8.7982004442922239, 0.58197233125869208, 1, 1, 3, 55.454545454545453, 0.3499106300331335
178, -0.090909090909090912, 5, 0.5, 0.008, 0.01, 0.99, 100, 19.8, 20, 24, 0.1, 0.29295454545454541, 117.18181818181819, 0.01, 0.37440599645922212, 0.00088465003411727558, 0.0053709249654267368, 0.28168197757126118, 0.0053063086078939652, 0.0044433168986809188, 3.1235251139196949, 0.87017127799736504, 2, 3, 3, 0.27272727272727271, 0.23213836428767523
179, -0.54545454545454541, 5, 0.5, 0.008, 0.01, 0.99, 100, 19.8, 20, 36, 0.1, 1.3931818181818183, 557.27272727272725, 0.01, 0.40484712651427601, 0.0013605792282366659, 0.0054968573514443076, 0.30414317813929742, 0.0050995275661481826, 0.004213490236548551, 2.4848413063508512, 0.39833016303604546, 2, 1, 1, 1.6363636363636365, 0.24830149395267154
1, -0.36363636363636365, 5, 0.5, 0.008, 0.01, 0.99, 100, 19.8, 20, 996, 0.1, 0.061818181818181814, 24.727272727272727, 0.01, 0.34697451451587186, 0.0018111116890273463, 0.0074608024405840466, 0.28585851899525827, 0.0056053499740070433, 0.0046098376380907273, 3.7845010308997407, 0.29546783302360285, 1, 1, 3, 31.727272727272727, 0.10984252756316762
2, -2.8181818181818183, 5, 0.5, 0.008, 0.01, 0.99, 100, 19.8, 20, 51, 0.1, 0.90045454545454551, 360.18181818181819, 0.01, 0.34608700724271541, 0.00061726039925242453, 0.0080046773866920065, 0.28717993477937581, 0.0057145775758415725, 0.0046628266420816406, 2.9905459474947449, 0.78239407960739615, 2, 1, 1, 0.81818181818181823, 0.33606368537056774
